'id_event','match_event','time','player','team','type_e'
0,0,39,0,13,'goal'
1,0,50,1,0,'goal'
2,0,69,2,0,'goal'
3,1,41,4,1,'goal'
4,1,80,5,12,'goal'
5,1,88,6,12,'goal'
6,2,57,12,19,'goal'
7,4,27,22,16,'goal'
8,5,5,24,15,'goal'
9,5,79,25,15,'goal'
10,6,89,31,6,'own'
11,7,7,37,7,'goal'
12,7,51,38,11,'goal'
13,7,62,39,11,'goal'
14,8,17,44,14,'goal'
15,8,27,45,8,'goal'
16,8,53,46,8,'goal'
17,9,46,49,17,'miss'
19,10,72,54,19,'goal'
20,10,83,54,19,'goal'
21,12,30,17,2,'goal'
22,12,33,64,10,'goal'
24,13,21,69,4,'penalty'
25,13,37,70,18,'goal'
26,14,39,74,11,'goal'
27,14,85,75,3,'goal'
28,15,41,80,6,'goal'
29,15,51,81,6,'goal'
30,15,62,82,6,'goal'
31,16,74,84,16,'goal'
32,17,14,89,7,'goal'
33,17,53,90,7,'goal'
34,17,75,91,7,'goal'
35,17,80,92,7,'goal'
36,17,88,93,13,'goal'
37,18,20,95,14,'goal'
38,18,70,96,14,'goal'
39,19,25,97,8,'goal'
40,19,27,26,15,'goal'
41,19,34,24,15,'goal'
42,21,77,59,1,'goal'
43,22,23,82,6,'goal'
44,22,61,107,6,'goal'
45,23,1,110,17,'goal'
46,23,12,111,7,'own'
47,23,32,111,17,'goal'
48,23,43,112,17,'goal'
49,24,37,69,4,'goal'
50,24,56,68,4,'goal'
51,24,71,117,2,'goal'
52,25,25,124,18,'goal'
53,25,68,93,13,'goal'
54,26,18,126,3,'goal'
56,26,69,127,3,'goal'
57,26,94,128,3,'goal'
58,27,63,133,5,'goal'
59,27,88,134,5,'goal'
60,28,23,39,19,'goal'
61,28,48,136,19,'goal'
62,28,67,54,19,'goal'
63,28,74,137,14,'own'
64,28,87,12,19,'goal'
65,29,11,38,11,'goal'
66,30,31,141,0,'goal'
67,31,44,49,17,'goal'
68,31,68,49,17,'goal'
69,32,1,64,10,'goal'
70,32,64,70,18,'penalty'
71,32,84,147,10,'goal'
72,32,93,70,18,'goal'
73,33,36,74,11,'goal'
74,34,53,154,4,'goal'
75,36,75,159,19,'goal'
76,37,63,95,14,'goal'
77,37,68,160,14,'own'
78,37,83,161,14,'goal'
79,38,34,163,5,'goal'
80,38,39,164,8,'goal'
81,39,78,166,3,'penalty'
82,40,4,170,13,'goal'
83,40,61,94,13,'goal'
84,40,83,102,15,'miss'
85,41,23,171,11,'goal'
86,41,36,61,1,'goal'
87,41,41,10,1,'goal'
88,41,48,172,1,'goal'
89,42,62,84,16,'goal'
90,42,71,22,16,'goal'
91,42,85,33,10,'goal'
92,43,74,55,0,'goal'
93,43,88,14,2,'goal'
94,44,33,178,18,'goal'
95,44,58,70,18,'goal'
96,44,63,179,9,'penalty'
97,44,78,72,18,'goal'
98,44,92,70,18,'penalty'
99,45,41,180,3,'goal'
100,45,59,180,3,'goal'
101,45,93,180,3,'goal'
102,46,16,37,7,'goal'
103,47,12,163,5,'goal'
104,47,63,82,6,'goal'
105,47,90,187,5,'goal'
106,48,6,159,19,'goal'
107,48,18,54,19,'goal'
108,48,67,12,19,'goal'
109,48,75,54,19,'goal'
110,48,78,190,19,'goal'
111,49,34,193,17,'goal'
112,49,71,194,17,'goal'
113,49,77,85,12,'goal'
114,50,5,3,0,'goal'
115,50,19,194,17,'penalty'
116,50,70,193,17,'goal'
117,52,42,64,10,'miss'
118,52,59,198,10,'goal'
119,52,70,147,10,'goal'
120,53,26,201,19,'goal'
121,53,33,202,19,'goal'
122,53,82,70,18,'goal'
123,54,43,74,11,'goal'
124,55,12,195,12,'goal'
125,55,21,204,5,'goal'
126,55,69,205,5,'goal'
127,55,84,30,5,'goal'
128,56,20,37,7,'goal'
129,56,48,77,7,'own'
130,56,71,114,7,'goal'
131,57,31,208,13,'goal'
132,57,41,144,1,'goal'
133,57,75,93,13,'goal'
134,57,78,209,1,'goal'
136,57,96,0,13,'miss'
137,58,41,69,4,'goal'
138,58,51,154,4,'goal'
139,59,9,212,2,'goal'
140,59,70,167,9,'goal'
141,60,20,25,15,'goal'
142,60,25,213,15,'goal'
143,61,6,217,16,'goal'
144,61,57,142,16,'goal'
145,61,61,218,16,'own'
146,61,77,22,16,'goal'
147,61,91,144,1,'goal'
148,62,18,49,17,'goal'
149,62,31,70,18,'penalty'
150,63,8,169,5,'own'
151,63,11,134,5,'goal'
152,63,14,180,3,'goal'
154,63,48,134,5,'goal'
155,63,80,205,5,'goal'
156,63,84,223,3,'goal'
157,64,12,68,4,'goal'
158,64,19,224,11,'goal'
159,64,39,224,11,'goal'
160,64,51,69,4,'goal'
161,64,72,225,11,'goal'
162,64,82,154,4,'goal'
163,66,20,136,19,'goal'
164,66,58,54,19,'penalty'
165,66,67,39,19,'goal'
166,66,84,227,19,'goal'
167,66,91,103,9,'goal'
168,67,44,228,13,'goal'
169,67,59,229,12,'goal'
170,67,67,5,12,'goal'
171,67,82,93,13,'goal'
172,68,52,185,14,'goal'
173,68,87,161,14,'penalty'
174,68,95,233,14,'goal'
175,69,31,45,8,'penalty'
176,69,58,46,8,'goal'
177,71,88,241,0,'goal'
178,72,15,242,12,'goal'
179,72,47,147,10,'goal'
180,72,55,242,12,'goal'
181,73,61,212,2,'goal'
182,75,56,247,11,'goal'
183,75,86,248,16,'goal'
184,76,48,194,17,'goal'
185,76,74,250,17,'goal'
186,78,21,119,4,'goal'
187,79,2,254,8,'goal'
188,79,49,131,8,'goal'
189,79,86,48,8,'goal'
190,80,72,76,11,'goal'
191,80,84,76,11,'goal'
192,80,90,255,0,'goal'
193,81,62,10,1,'goal'
194,82,28,212,2,'goal'
195,82,57,212,2,'goal'
196,82,70,22,16,'penalty'
197,83,56,261,6,'goal'
198,83,84,250,17,'goal'
199,84,18,26,15,'goal'
200,84,81,26,15,'goal'
201,85,32,134,5,'goal'
202,85,48,119,4,'goal'
203,85,57,134,5,'goal'
204,85,72,263,4,'goal'
205,86,35,136,19,'goal'
206,86,44,54,19,'penalty'
207,86,61,54,19,'goal'
208,87,36,5,12,'goal'
209,87,47,265,9,'goal'
210,88,40,267,13,'goal'
211,88,78,161,14,'penalty'
212,89,41,200,8,'goal'
213,89,48,178,18,'goal'
214,89,48,178,18,'goal'
215,89,59,46,8,'goal'
216,89,76,150,18,'goal'
217,90,40,143,1,'goal'
218,90,83,100,15,'goal'
219,91,28,156,2,'goal'
220,91,55,156,2,'goal'
221,91,84,14,2,'goal'
222,92,19,194,17,'penalty'
223,92,38,69,4,'goal'
224,93,82,174,11,'penalty'
225,94,32,198,10,'goal'
226,94,54,205,5,'goal'
227,94,62,134,5,'goal'
228,95,53,48,8,'goal'
229,95,86,261,6,'goal'
230,96,11,54,19,'goal'
231,96,17,16,19,'goal'
232,96,24,20,3,'goal'
233,96,61,136,19,'goal'
234,96,77,54,19,'penalty'
235,96,91,12,19,'goal'
236,97,6,37,7,'goal'
237,97,78,279,12,'penalty'
238,98,62,280,13,'goal'
239,98,79,217,16,'goal'
240,99,23,282,0,'goal'
241,99,59,283,9,'goal'
242,100,21,1,0,'goal'
243,100,79,255,0,'goal'
244,101,56,264,4,'goal'
245,101,57,4,1,'goal'
246,102,16,159,19,'goal'
247,102,36,54,19,'goal'
248,102,50,159,19,'goal'
249,102,85,22,16,'miss'
250,103,32,49,17,'goal'
251,103,67,49,17,'goal'
252,103,72,289,3,'goal'
253,104,63,208,13,'goal'
254,104,78,0,13,'goal'
255,106,31,40,7,'goal'
256,107,61,293,14,'goal'
257,108,12,46,8,'goal'
258,108,87,17,2,'goal'
259,109,5,76,11,'miss'
260,111,69,142,16,'goal'
261,112,79,166,3,'goal'
262,113,4,1,0,'goal'
263,113,91,70,18,'penalty'
264,115,11,202,19,'goal'
265,115,21,288,19,'goal'
266,116,14,7,12,'goal'
267,117,86,93,13,'goal'
268,118,58,185,14,'goal'
269,118,92,60,1,'goal'
270,119,3,167,9,'goal'
271,119,6,90,7,'penalty'
272,119,16,41,7,'goal'
273,119,42,240,7,'goal'
274,119,77,168,9,'goal'
275,119,93,266,9,'goal'
276,120,42,197,15,'goal'
277,120,75,299,15,'goal'
278,121,9,193,17,'goal'
279,121,31,250,17,'goal'
280,121,51,174,11,'penalty'
281,121,74,42,11,'goal'
282,122,14,233,14,'penalty'
283,122,30,278,6,'goal'
284,122,77,312,6,'goal'
285,123,10,212,2,'goal'
286,123,45,246,7,'goal'
287,124,16,316,1,'goal'
288,126,18,180,3,'goal'
289,126,67,168,9,'goal'
290,126,72,223,3,'goal'
291,126,81,20,3,'goal'
292,126,93,166,3,'goal'
293,127,29,15,19,'goal'
294,127,39,317,19,'goal'
295,128,12,138,12,'goal'
296,128,51,46,8,'goal'
297,128,66,46,8,'goal'
298,128,90,46,8,'goal'
299,129,4,319,18,'own'
300,129,22,149,18,'goal'
301,129,35,208,13,'goal'
302,129,41,228,13,'goal'
303,130,76,438,14,'goal'
304,131,3,148,10,'goal'
305,131,24,147,10,'goal'
306,131,64,320,6,'own'
307,131,92,81,6,'goal'
308,132,7,168,9,'goal'
309,132,16,167,9,'goal'
310,132,21,319,13,'penalty'
311,132,29,208,13,'goal'
312,132,38,319,13,'penalty'
313,132,82,93,13,'goal'
314,133,51,316,1,'goal'
315,134,53,296,11,'goal'
316,134,57,311,11,'goal'
317,135,2,193,17,'goal'
318,135,22,5,12,'goal'
319,135,31,5,12,'goal'
320,135,72,112,17,'goal'
321,136,24,197,15,'goal'
322,136,80,90,7,'penalty'
323,136,84,90,7,'penalty'
324,137,48,1,0,'goal'
325,138,12,69,4,'goal'
326,138,60,154,4,'goal'
327,138,67,248,16,'goal'
328,138,83,263,4,'goal'
329,139,73,54,19,'goal'
330,140,28,38,11,'goal'
331,140,36,225,11,'goal'
332,140,40,46,8,'miss'
333,140,70,247,11,'goal'
334,140,93,171,11,'goal'
335,141,94,330,10,'penalty'
336,142,1,312,6,'goal'
337,142,31,226,6,'goal'
338,142,84,316,1,'goal'
339,142,91,189,1,'own'
340,143,25,17,2,'penalty'
341,143,77,283,9,'goal'
342,143,80,283,9,'goal'
343,143,86,265,9,'goal'
344,144,23,28,5,'goal'
345,144,40,248,16,'goal'
346,144,52,22,16,'goal'
347,145,23,324,18,'goal'
348,145,35,90,7,'goal'
349,145,44,114,7,'goal'
350,146,64,119,4,'goal'
351,146,79,222,3,'goal'
352,147,32,54,19,'goal'
353,147,40,12,19,'goal'
354,147,54,334,19,'goal'
355,147,59,197,15,'goal'
356,147,63,159,19,'goal'
357,147,66,159,19,'goal'
358,148,60,307,14,'goal'
359,148,89,229,12,'goal'
360,149,91,111,13,'own'
361,150,19,26,15,'goal'
362,150,44,26,15,'goal'
363,150,55,338,15,'goal'
364,151,62,54,19,'goal'
365,151,92,54,19,'goal'
366,152,41,313,6,'goal'
367,153,29,316,1,'goal'
368,153,51,316,1,'goal'
369,153,67,143,1,'goal'
370,153,92,341,1,'goal'
371,154,16,342,18,'goal'
372,154,52,342,18,'goal'
373,155,14,204,5,'goal'
374,155,41,291,5,'penalty'
375,155,52,30,5,'goal'
376,155,57,30,5,'goal'
377,156,57,117,2,'goal'
378,156,96,346,4,'goal'
379,157,69,3,0,'goal'
380,158,12,248,16,'goal'
381,158,41,22,16,'penalty'
382,159,12,36,10,'goal'
383,159,64,46,8,'penalty'
384,159,72,64,10,'goal'
385,159,89,46,8,'miss'
386,160,35,285,11,'own'
387,160,73,38,11,'goal'
388,161,6,349,10,'goal'
389,161,46,36,10,'goal'
390,161,56,330,10,'goal'
391,161,90,350,10,'goal'
392,162,14,261,6,'goal'
393,162,24,226,6,'goal'
394,162,26,352,17,'goal'
395,162,58,298,6,'goal'
396,163,59,66,2,'goal'
397,164,68,154,4,'goal'
398,165,82,90,7,'goal'
399,166,41,180,3,'goal'
400,166,87,180,3,'goal'
401,166,93,355,3,'goal'
402,167,6,136,19,'goal'
403,167,19,124,18,'goal'
404,167,55,54,19,'goal'
405,167,69,39,19,'goal'
406,168,15,357,15,'goal'
407,168,43,7,12,'goal'
408,168,50,9,12,'goal'
409,169,73,235,14,'goal'
410,170,13,358,3,'goal'
411,170,47,223,3,'goal'
412,170,81,222,3,'goal'
413,171,81,329,11,'goal'
414,172,4,181,14,'goal'
415,172,7,359,14,'goal'
416,172,10,10,1,'goal'
417,172,45,438,14,'miss'
418,172,70,438,14,'goal'
419,172,75,233,14,'goal'
420,173,48,361,5,'goal'
421,173,49,283,18,'goal'
422,175,42,362,2,'goal'
423,175,89,208,13,'penalty'
424,176,3,54,19,'goal'
425,176,26,119,4,'goal'
426,176,71,159,19,'goal'
427,177,10,1,0,'goal'
428,177,83,1,0,'penalty'
429,178,20,366,12,'goal'
430,178,63,160,12,'goal'
431,180,1,194,17,'goal'
432,180,8,367,9,'goal'
433,180,36,295,9,'goal'
434,180,43,295,9,'goal'
435,180,57,111,17,'goal'
437,181,57,235,14,'goal'
438,181,84,370,11,'goal'
439,182,20,59,1,'goal'
440,182,37,143,1,'goal'
441,182,42,330,10,'goal'
442,182,58,244,10,'goal'
443,182,68,220,1,'goal'
444,182,89,316,1,'goal'
445,183,10,298,6,'goal'
446,183,39,261,6,'goal'
447,183,79,70,18,'penalty'
448,184,24,204,5,'goal'
449,184,88,205,5,'goal'
450,185,36,371,4,'goal'
451,185,58,37,7,'goal'
452,186,8,79,3,'goal'
453,186,16,180,3,'goal'
454,186,46,128,3,'goal'
455,186,58,22,16,'goal'
456,186,83,222,3,'goal'
457,188,48,1,0,'goal'
459,189,92,357,13,'own'
460,190,2,361,5,'goal'
461,190,7,204,5,'goal'
462,190,34,205,5,'goal'
463,190,64,357,15,'goal'
464,190,92,375,15,'goal'
465,191,25,247,11,'goal'
466,191,38,247,11,'goal'
467,191,80,376,9,'goal'
468,191,93,377,11,'goal'
469,193,3,147,10,'goal'
470,193,37,147,10,'goal'
471,193,39,149,18,'goal'
472,193,48,178,18,'goal'
473,193,49,149,18,'goal'
474,193,59,64,10,'goal'
475,193,93,124,18,'goal'
476,194,28,17,2,'goal'
477,195,86,96,14,'goal'
478,195,94,69,4,'goal'
479,196,12,334,19,'goal'
480,196,34,160,12,'goal'
481,196,44,54,19,'goal'
482,196,46,136,19,'goal'
483,196,68,54,19,'goal'
484,198,54,381,16,'goal'
485,199,59,352,17,'goal'
486,199,91,45,8,'goal'
487,200,78,22,16,'goal'
488,200,82,248,16,'goal'
489,200,92,161,14,'goal'
490,201,31,197,15,'goal'
491,201,39,198,10,'goal'
492,201,66,330,10,'penalty'
493,201,79,299,15,'penalty'
494,202,3,149,18,'goal'
495,204,80,119,4,'goal'
496,204,84,383,17,'own'
497,205,52,361,5,'goal'
498,205,60,30,5,'goal'
499,205,86,384,5,'goal'
500,206,61,141,0,'goal'
501,206,64,1,0,'goal'
502,207,13,128,3,'goal'
503,207,47,126,3,'goal'
504,207,51,12,19,'goal'
505,208,23,229,12,'goal'
506,208,34,366,12,'goal'
507,208,67,9,12,'goal'
508,208,69,59,1,'goal'
509,208,89,374,12,'goal'
510,209,78,46,8,'goal'
511,209,91,208,13,'goal'
512,209,92,93,13,'goal'
513,211,38,316,1,'penalty'
514,211,89,49,17,'goal'
515,212,63,387,2,'goal'
516,212,93,362,2,'goal'
517,213,13,37,7,'goal'
518,213,26,325,9,'own'
519,213,73,91,7,'goal'
520,214,55,46,8,'goal'
521,214,74,388,4,'goal'
522,215,3,223,3,'goal'
523,215,11,349,10,'goal'
524,215,17,180,3,'goal'
525,215,35,128,3,'goal'
526,215,61,180,3,'goal'
527,215,86,321,3,'own'
528,218,56,296,11,'goal'
529,218,64,84,16,'penalty'
530,218,69,88,11,'own'
531,218,90,440,16,'goal'
532,219,1,208,13,'goal'
533,219,15,93,13,'goal'
534,219,23,208,13,'goal'
535,219,45,208,13,'goal'
536,219,60,298,6,'goal'
537,220,5,177,0,'goal'
538,220,39,390,0,'own'
539,220,91,391,0,'goal'
540,221,2,26,15,'goal'
541,221,20,26,15,'goal'
542,223,87,185,14,'goal'
543,224,8,267,13,'goal'
544,224,12,393,3,'goal'
545,224,56,364,13,'goal'
546,225,19,271,4,'goal'
547,225,47,122,4,'goal'
548,225,56,69,4,'goal'
549,225,63,394,4,'goal'
550,225,88,68,4,'goal'
551,225,90,69,4,'goal'
553,226,61,202,19,'goal'
554,227,77,396,6,'goal'
555,228,66,90,7,'goal'
556,228,67,22,16,'goal'
557,228,77,41,7,'goal'
558,229,22,276,8,'goal'
559,229,65,296,11,'goal'
560,230,5,370,11,'goal'
561,230,11,9,12,'goal'
562,230,37,370,11,'goal'
563,230,79,279,12,'goal'
564,231,7,64,10,'goal'
565,231,24,198,10,'goal'
566,232,14,136,19,'goal'
567,232,18,372,19,'goal'
568,232,19,13,19,'goal'
569,232,46,54,19,'goal'
570,232,53,54,19,'goal'
571,232,56,54,19,'goal'
572,232,59,400,19,'own'
573,232,75,136,19,'miss'
574,232,75,136,19,'goal'
575,232,89,54,19,'goal'
576,233,34,149,18,'goal'
577,233,46,371,4,'goal'
578,234,49,261,6,'goal'
579,234,69,261,6,'goal'
580,235,70,193,17,'goal'
581,236,62,37,7,'goal'
582,236,76,41,7,'goal'
583,237,37,17,2,'goal'
584,237,59,380,2,'goal'
585,237,93,55,0,'goal'
586,238,33,223,3,'goal'
587,238,55,180,3,'goal'
588,238,70,319,13,'goal'
589,238,82,75,13,'own'
590,239,5,46,8,'goal'
591,239,50,46,8,'penalty'
592,239,87,45,8,'penalty'
593,239,91,97,8,'goal'
594,240,14,299,15,'goal'
595,240,33,102,15,'goal'
596,240,39,262,15,'goal'
597,240,41,149,18,'goal'
598,240,81,26,15,'goal'
599,240,91,102,15,'penalty'
600,241,74,233,14,'goal'
601,241,81,359,14,'goal'
602,241,85,161,14,'goal'
603,242,82,209,1,'goal'
604,242,84,56,0,'goal'
605,243,17,347,2,'goal'
606,244,14,90,7,'goal'
607,244,66,41,7,'goal'
608,244,88,315,7,'goal'
609,245,4,404,13,'goal'
610,245,9,319,13,'goal'
611,245,14,208,13,'goal'
612,245,20,353,4,'goal'
613,245,50,73,4,'goal'
614,245,59,404,13,'goal'
615,245,77,0,13,'goal'
616,246,83,441,3,'goal'
617,246,94,180,3,'penalty'
618,247,65,370,11,'goal'
619,247,68,174,11,'penalty'
620,248,22,266,9,'goal'
621,248,35,88,16,'goal'
622,248,54,248,16,'goal'
623,249,26,36,10,'goal'
624,250,47,341,1,'goal'
625,250,56,59,1,'goal'
626,250,92,370,11,'miss'
627,250,94,11,11,'own'
628,251,5,147,10,'goal'
629,251,34,275,5,'goal'
630,251,47,31,10,'goal'
631,251,53,275,5,'goal'
632,252,92,407,15,'goal'
633,253,36,149,18,'goal'
634,253,44,180,3,'goal'
635,253,81,223,3,'goal'
636,253,84,180,3,'goal'
637,254,19,362,2,'goal'
638,254,59,65,2,'goal'
639,254,92,362,2,'goal'
640,255,15,233,14,'goal'
641,255,58,47,14,'goal'
642,256,15,54,19,'goal'
643,256,18,90,7,'goal'
644,256,34,54,19,'goal'
645,256,48,191,19,'goal'
646,256,82,54,19,'goal'
647,257,47,383,0,'own'
648,257,56,55,0,'penalty'
649,257,77,69,4,'goal'
650,258,12,93,13,'goal'
651,258,15,208,13,'goal'
652,258,59,229,12,'goal'
653,258,67,208,13,'goal'
654,259,30,248,8,'own'
655,259,85,45,8,'goal'
657,261,75,268,14,'goal'
658,262,56,12,19,'penalty'
659,262,72,12,19,'goal'
660,263,37,347,2,'goal'
661,263,67,362,2,'goal'
662,263,77,157,2,'goal'
663,263,88,14,2,'goal'
664,263,92,409,11,'goal'
665,264,34,128,3,'goal'
666,264,40,128,3,'goal'
667,265,33,90,7,'penalty'
668,265,41,90,7,'goal'
669,265,56,90,7,'goal'
670,267,17,178,18,'goal'
671,267,47,149,18,'penalty'
672,267,64,87,16,'goal'
673,268,11,160,12,'goal'
674,268,68,278,6,'goal'
675,268,80,81,12,'own'
676,269,57,46,8,'goal'
677,269,62,45,8,'goal'
678,269,70,97,8,'goal'
679,269,80,46,8,'goal'
680,270,47,38,11,'goal'
681,270,75,410,11,'goal'
682,270,93,69,4,'goal'
683,271,50,168,9,'goal'
684,271,61,179,9,'penalty'
685,271,64,366,12,'goal'
686,272,61,26,15,'goal'
687,272,64,338,15,'goal'
688,272,70,143,1,'goal'
689,272,87,411,15,'goal'
690,273,49,46,8,'goal'
691,273,91,342,18,'goal'
692,274,23,30,5,'goal'
693,274,71,384,5,'goal'
694,275,19,17,2,'goal'
695,275,41,110,17,'goal'
696,275,75,17,2,'goal'
697,275,85,17,2,'goal'
698,275,86,345,17,'goal'
699,275,88,51,2,'own'
700,276,18,37,7,'goal'
701,276,83,180,3,'goal'
702,277,12,54,19,'goal'
703,277,47,202,19,'goal'
704,277,49,136,19,'goal'
705,277,52,159,19,'goal'
706,277,56,54,19,'goal'
707,277,76,317,19,'goal'
708,278,75,233,14,'goal'
709,279,63,34,10,'goal'
710,279,73,64,10,'goal'
711,279,77,36,10,'goal'
712,280,76,233,14,'goal'
713,280,92,233,14,'goal'
714,281,30,248,16,'goal'
715,281,82,31,10,'goal'
716,282,59,54,19,'goal'
717,282,66,211,1,'goal'
718,283,9,56,0,'goal'
719,283,20,193,17,'goal'
720,283,37,110,17,'goal'
721,283,63,49,17,'penalty'
722,283,77,58,0,'goal'
723,285,13,163,5,'goal'
724,285,20,105,9,'goal'
725,285,27,400,5,'own'
726,285,34,291,5,'goal'
727,285,55,205,5,'goal'
728,286,11,37,7,'goal'
729,286,56,90,7,'penalty'
730,287,31,120,6,'own'
731,287,49,353,4,'goal'
732,288,14,171,11,'goal'
733,288,81,0,13,'goal'
734,289,50,99,8,'goal'
735,289,73,289,3,'goal'
736,289,81,180,3,'goal'
737,289,83,46,8,'goal'
738,289,86,222,3,'goal'
739,290,24,69,4,'goal'
740,291,17,76,11,'goal'
741,291,40,257,11,'goal'
742,291,75,349,10,'goal'
743,291,76,38,11,'goal'
744,291,81,101,10,'goal'
745,292,5,46,8,'miss'
746,293,14,143,1,'goal'
747,293,41,104,1,'own'
748,293,56,179,9,'penalty'
749,293,60,316,1,'goal'
750,293,69,167,9,'goal'
751,293,72,143,1,'goal'
752,294,56,387,2,'goal'
753,295,68,107,6,'goal'
754,296,11,223,3,'goal'
755,296,40,128,3,'goal'
756,296,49,110,17,'goal'
757,297,50,317,19,'goal'
758,297,54,54,19,'goal'
759,297,78,54,19,'goal'
760,297,91,136,19,'goal'
761,299,38,205,5,'goal'
762,299,83,160,12,'goal'
763,299,84,326,5,'goal'
764,299,86,275,5,'goal'
765,299,92,366,12,'goal'
766,300,12,418,1,'goal'
767,300,21,316,1,'goal'
768,300,48,316,1,'goal'
769,301,5,248,16,'goal'
770,301,46,22,16,'penalty'
771,301,78,226,6,'goal'
772,302,13,136,19,'goal'
773,302,49,136,19,'goal'
774,302,58,136,19,'goal'
775,302,92,54,19,'goal'
776,304,58,134,5,'goal'
777,304,70,133,5,'goal'
778,305,86,37,7,'goal'
779,305,89,37,7,'goal'
780,306,56,69,4,'goal'
781,307,3,223,3,'goal'
782,307,8,180,3,'goal'
783,307,34,77,3,'goal'
784,307,36,180,3,'goal'
785,307,42,42,11,'goal'
786,307,59,77,3,'goal'
787,307,81,180,3,'goal'
788,308,43,58,0,'goal'
789,308,50,102,15,'miss'
790,309,53,97,8,'goal'
791,310,12,299,15,'goal'
792,310,31,45,8,'miss'
793,310,59,46,8,'goal'
794,310,63,92,15,'goal'
795,310,78,45,8,'goal'
796,310,80,130,8,'goal'
797,311,3,140,11,'goal'
798,311,32,174,11,'penalty'
799,312,41,362,2,'penalty'
800,313,2,41,7,'goal'
801,313,19,349,10,'goal'
802,313,45,315,7,'goal'
803,313,55,207,10,'own'
804,313,62,41,7,'goal'
805,314,10,168,9,'goal'
806,314,61,388,4,'goal'
807,314,82,388,4,'miss'
808,315,27,70,18,'goal'
809,316,18,54,19,'goal'
810,316,43,12,19,'goal'
811,316,52,57,19,'goal'
812,316,89,54,19,'goal'
813,317,14,22,16,'penalty'
814,318,14,229,12,'goal'
815,318,34,279,12,'goal'
816,318,51,414,12,'goal'
817,318,56,85,12,'penalty'
818,318,63,128,3,'goal'
819,319,22,2,0,'goal'
820,319,52,2,0,'goal'
821,319,82,267,13,'goal'
822,320,24,102,15,'goal'
823,320,56,37,7,'goal'
824,321,41,4,1,'miss'
825,321,48,4,1,'goal'
826,321,87,421,1,'goal'
827,322,19,393,3,'goal'
828,322,44,393,3,'goal'
829,322,58,393,3,'goal'
830,322,87,166,3,'goal'
831,323,3,198,10,'miss'
832,323,72,198,10,'goal'
834,323,89,148,10,'goal'
835,324,23,17,2,'goal'
836,325,57,136,19,'goal'
837,325,73,136,19,'goal'
838,325,83,190,19,'goal'
839,326,23,9,12,'goal'
840,326,48,422,18,'goal'
841,326,54,5,12,'goal'
842,326,66,85,12,'goal'
843,326,85,414,12,'goal'
844,327,5,45,8,'goal'
845,327,17,403,13,'own'
846,327,68,210,13,'miss'
847,327,68,210,13,'goal'
848,327,90,0,13,'goal'
849,328,20,44,14,'goal'
850,328,41,55,0,'goal'
851,328,62,161,14,'goal'
853,330,17,174,11,'penalty'
854,331,33,262,15,'goal'
855,331,46,324,18,'goal'
856,331,73,149,18,'goal'
857,331,94,178,18,'goal'
858,333,15,186,4,'goal'
859,333,46,68,4,'goal'
860,333,66,68,4,'goal'
861,333,70,69,4,'goal'
862,333,79,3,0,'goal'
863,334,25,235,14,'goal'
864,334,60,233,14,'goal'
865,334,92,424,5,'goal'
866,335,67,427,13,'goal'
867,335,89,0,13,'goal'
869,336,76,36,10,'goal'
870,337,27,136,19,'goal'
871,337,31,60,1,'goal'
872,337,34,136,19,'goal'
873,337,79,4,1,'goal'
874,338,29,200,8,'goal'
875,338,30,45,8,'goal'
876,338,57,6,12,'goal'
877,338,81,428,12,'goal'
878,339,21,84,16,'goal'
879,339,38,217,16,'goal'
880,339,63,249,16,'goal'
881,339,92,429,9,'goal'
882,340,58,102,15,'penalty'
883,341,23,55,0,'goal'
884,341,33,292,7,'goal'
885,341,40,37,7,'goal'
886,341,94,92,7,'goal'
887,342,23,165,8,'goal'
888,342,89,144,1,'goal'
889,343,19,248,16,'goal'
890,343,32,291,5,'penalty'
891,343,93,397,16,'goal'
892,344,23,198,10,'goal'
893,344,35,270,17,'goal'
894,344,61,64,10,'goal'
895,345,25,180,3,'penalty'
896,345,69,383,4,'goal'
897,346,12,72,18,'goal'
898,346,18,178,18,'goal'
899,346,21,224,11,'goal'
900,346,47,296,11,'goal'
901,346,59,70,18,'goal'
903,347,83,6,12,'goal'
904,347,84,136,19,'goal'
905,348,49,17,2,'goal'
906,348,73,427,13,'miss'
907,348,74,427,13,'goal'
908,349,26,439,14,'goal'
909,349,47,95,14,'goal'
910,351,46,49,17,'goal'
911,351,89,0,13,'goal'
912,352,5,442,6,'goal'
913,353,13,70,18,'goal'
914,353,36,149,18,'goal'
915,354,18,355,3,'goal'
916,354,88,222,3,'goal'
917,355,26,326,5,'goal'
918,355,45,247,5,'own'
919,355,56,225,11,'goal'
920,355,65,296,11,'goal'
921,355,95,174,11,'penalty'
922,356,6,172,1,'goal'
923,356,33,37,7,'goal'
924,356,42,434,7,'goal'
925,356,52,211,7,'own'
926,356,69,90,7,'goal'
927,356,75,90,7,'goal'
928,356,85,435,7,'goal'
929,357,18,372,19,'goal'
930,357,77,159,19,'goal'
931,357,83,54,19,'goal'
932,357,87,54,19,'miss'
933,358,68,45,8,'goal'
934,358,90,69,4,'goal'
935,359,13,103,14,'own'
936,360,9,177,0,'goal'
937,360,32,284,0,'goal'
938,360,43,284,0,'goal'
939,361,17,4,1,'goal'
940,361,40,172,1,'goal'
941,361,47,386,1,'goal'
942,361,78,166,3,'goal'
943,362,28,248,16,'goal'
944,362,56,281,16,'goal'
945,363,14,38,11,'goal'
946,363,30,198,10,'goal'
947,363,45,410,11,'goal'
948,363,65,148,10,'goal'
949,363,71,257,11,'goal'
950,363,89,148,10,'goal'
951,364,38,102,15,'penalty'
952,364,70,100,15,'goal'
953,364,79,69,4,'penalty'
954,365,7,28,5,'goal'
955,365,48,343,18,'goal'
956,365,57,291,5,'goal'
957,366,11,82,6,'goal'
958,366,48,54,19,'goal'
959,366,73,136,19,'goal'
960,366,80,159,19,'goal'
961,366,90,16,19,'goal'
962,367,20,242,12,'miss'
963,367,57,242,12,'goal'
964,368,12,265,9,'goal'
965,368,71,319,13,'goal'
966,369,5,114,7,'goal'
967,369,19,44,14,'goal'
968,369,39,90,7,'goal'
969,369,46,90,7,'goal'
970,369,53,315,7,'goal'
971,369,83,307,14,'miss'
972,370,41,299,15,'goal'
973,370,43,24,15,'miss'
974,371,62,22,16,'goal'
975,372,22,45,8,'goal'
976,372,25,352,17,'goal'
977,372,44,110,17,'goal'
978,372,49,53,8,'own'
979,373,43,17,2,'penalty'
980,373,64,14,2,'goal'
981,373,73,133,5,'miss'
982,374,38,143,1,'goal'
983,374,47,70,18,'goal'
984,374,64,149,18,'penalty'
985,374,79,342,18,'goal'
986,374,89,59,1,'goal'
987,375,41,180,3,'miss'
988,375,44,180,3,'goal'
989,376,41,170,13,'goal'
990,376,51,78,11,'goal'
991,376,65,267,13,'miss'
992,377,30,69,4,'goal'
993,377,41,54,19,'penalty'
995,377,44,54,19,'penalty'
996,377,55,271,4,'miss'
997,378,81,36,10,'goal'
998,379,11,437,6,'goal'
999,379,42,207,7,'goal'
1000,379,70,312,6,'goal'
1001,0,78,3,0,'red'
1002,0,93,0,13,'yellow'
1003,1,18,7,12,'yellow'
1004,1,62,8,1,'yellow'
1005,1,84,9,12,'yellow'
1006,1,89,10,1,'yellow'
1007,1,37,11,1,'yellow'
1008,2,23,13,19,'yellow'
1009,2,28,13,19,'yellow2'
1010,2,49,14,2,'yellow'
1011,2,55,15,19,'yellow'
1012,2,60,16,19,'yellow'
1013,2,84,17,2,'yellow'
1014,2,88,18,2,'yellow'
1015,3,32,19,18,'yellow'
1016,3,51,20,3,'yellow'
1017,3,81,21,18,'yellow'
1018,4,82,23,4,'yellow'
1019,5,8,26,15,'yellow'
1020,5,28,27,5,'yellow'
1021,5,60,28,5,'yellow'
1022,5,73,29,15,'yellow'
1023,5,81,30,5,'yellow'
1024,6,26,32,6,'yellow'
1025,6,37,33,10,'yellow'
1026,6,41,34,10,'yellow'
1027,6,60,35,6,'yellow'
1028,6,66,36,10,'yellow'
1029,7,14,40,7,'yellow'
1030,7,39,41,7,'yellow'
1031,7,42,39,11,'yellow'
1032,7,45,40,7,'yellow2'
1033,7,48,42,11,'yellow'
1034,7,84,43,7,'yellow'
1035,8,66,47,14,'yellow'
1036,8,86,48,8,'red'
1037,9,16,50,17,'yellow'
1038,9,27,51,17,'yellow'
1039,9,41,52,17,'yellow'
1040,9,75,53,17,'yellow'
1041,10,29,55,0,'yellow'
1042,10,38,56,0,'yellow'
1043,10,44,57,19,'yellow'
1044,10,47,58,0,'yellow'
1045,11,38,59,1,'yellow'
1046,11,41,27,5,'yellow'
1047,11,47,60,1,'yellow'
1048,11,84,61,1,'yellow'
1049,11,93,62,5,'yellow'
1050,11,93,63,1,'yellow'
1051,12,4,34,10,'yellow'
1052,12,11,65,2,'yellow'
1053,12,44,66,2,'yellow'
1054,12,65,17,2,'yellow'
1055,12,66,67,2,'yellow'
1056,12,89,65,2,'yellow2'
1057,13,20,21,18,'yellow'
1058,13,42,71,18,'yellow'
1059,13,83,72,18,'yellow'
1060,13,89,73,4,'yellow'
1061,14,3,76,11,'yellow'
1062,14,9,77,3,'yellow'
1063,14,67,78,11,'red'
1064,14,87,38,11,'yellow'
1065,14,87,79,3,'yellow'
1066,15,71,83,9,'yellow'
1067,16,12,85,12,'yellow'
1068,16,19,443,12,'yellow'
1069,16,24,86,16,'yellow'
1070,16,53,87,16,'yellow'
1071,16,67,88,16,'yellow'
1072,17,37,94,13,'yellow'
1073,17,53,37,7,'yellow'
1074,17,59,0,13,'yellow'
1075,17,72,91,7,'yellow'
1076,19,83,98,15,'yellow'
1077,19,84,99,8,'yellow'
1078,20,38,34,10,'yellow'
1079,20,43,100,15,'yellow'
1080,20,58,101,10,'yellow'
1081,20,81,98,15,'red'
1082,20,83,102,15,'yellow'
1083,21,23,103,9,'yellow'
1084,21,36,104,9,'yellow'
1085,21,58,63,1,'yellow'
1086,21,75,105,9,'yellow'
1087,21,77,106,9,'yellow'
1088,22,36,87,16,'yellow'
1089,22,74,108,6,'yellow'
1090,22,83,109,6,'yellow'
1091,23,22,52,17,'yellow'
1092,23,35,113,17,'yellow'
1093,23,42,114,7,'yellow'
1094,23,48,112,17,'yellow'
1095,23,68,89,7,'yellow'
1096,23,84,40,7,'yellow'
1097,23,89,115,17,'red'
1098,23,61,116,7,'yellow'
1099,24,18,118,2,'yellow'
1100,24,48,119,4,'yellow'
1101,24,52,120,4,'yellow'
1102,24,70,121,4,'yellow'
1103,24,84,117,2,'yellow'
1104,24,85,122,4,'yellow'
1105,24,81,123,2,'yellow'
1106,25,32,0,13,'yellow'
1107,25,62,125,18,'yellow'
1108,25,67,125,18,'yellow2'
1109,25,84,0,13,'yellow2'
1110,26,29,129,8,'yellow'
1111,26,31,130,8,'yellow'
1112,26,44,131,8,'yellow'
1113,26,50,97,8,'yellow'
1114,26,51,132,3,'yellow'
1115,27,54,135,0,'yellow'
1116,27,59,27,5,'yellow'
1117,27,75,56,0,'yellow'
1118,27,82,58,0,'yellow'
1119,29,62,138,12,'yellow'
1120,29,67,9,12,'yellow'
1121,29,69,138,12,'yellow2'
1122,29,90,139,11,'yellow'
1123,29,92,140,11,'yellow'
1124,30,43,88,16,'yellow'
1125,30,55,142,16,'yellow'
1126,30,58,58,0,'yellow'
1127,31,35,143,1,'yellow'
1128,31,41,111,17,'yellow'
1129,31,56,112,17,'yellow'
1130,31,61,144,1,'yellow'
1131,31,61,51,17,'yellow'
1132,31,64,111,17,'yellow2'
1133,31,72,145,17,'yellow'
1134,31,74,146,1,'yellow'
1135,31,78,60,1,'yellow'
1136,32,23,36,10,'yellow'
1137,32,39,148,10,'yellow'
1138,32,42,149,18,'red'
1139,32,46,36,10,'red'
1140,32,64,150,18,'yellow'
1141,32,64,151,10,'yellow'
1142,33,27,76,11,'yellow'
1143,33,47,24,15,'yellow'
1144,33,40,152,11,'yellow'
1145,33,59,26,15,'yellow'
1146,33,63,153,15,'yellow'
1147,33,76,100,15,'yellow'
1148,34,55,82,6,'yellow'
1149,34,91,108,6,'yellow'
1150,34,93,119,4,'yellow'
1151,35,10,155,7,'yellow'
1152,35,33,114,7,'yellow'
1153,35,34,156,2,'yellow'
1154,35,41,66,2,'yellow'
1155,35,63,157,2,'yellow'
1156,35,85,158,7,'yellow'
1157,37,8,161,14,'yellow'
1158,37,66,162,12,'yellow'
1159,38,26,131,8,'yellow'
1160,38,36,164,8,'yellow'
1161,38,58,134,5,'yellow'
1162,38,85,165,8,'yellow'
1163,38,89,130,8,'yellow'
1164,38,93,28,5,'yellow'
1165,39,36,167,9,'red'
1166,39,77,168,9,'yellow'
1167,39,95,104,9,'yellow'
1168,39,4,169,3,'yellow'
1169,40,53,94,13,'yellow'
1170,40,85,93,13,'yellow'
1171,40,93,153,15,'yellow'
1172,41,30,146,1,'yellow'
1173,41,65,4,1,'yellow'
1174,41,66,173,11,'yellow'
1175,41,72,174,11,'yellow'
1176,42,51,175,10,'yellow'
1177,42,67,22,16,'yellow'
1178,43,27,176,0,'yellow'
1179,43,37,123,2,'yellow'
1180,43,41,55,0,'yellow'
1181,43,63,177,0,'yellow'
1182,43,83,17,2,'red'
1183,45,1,181,14,'yellow'
1184,45,5,182,14,'yellow'
1185,45,33,75,3,'yellow'
1186,45,78,20,3,'yellow'
1187,45,81,183,3,'yellow'
1188,45,84,127,3,'yellow'
1189,45,85,184,14,'yellow'
1190,45,72,185,14,'yellow'
1191,46,20,116,7,'yellow'
1192,46,68,155,7,'yellow'
1193,46,86,186,4,'yellow'
1194,46,87,23,4,'yellow'
1195,47,51,442,6,'yellow'
1196,47,56,188,6,'yellow'
1197,47,65,189,6,'yellow'
1198,47,65,35,6,'yellow'
1199,48,34,99,8,'yellow'
1200,48,88,191,19,'yellow'
1201,48,90,192,19,'yellow'
1202,49,32,52,17,'yellow'
1203,49,66,195,12,'yellow'
1204,49,81,53,17,'yellow'
1205,49,82,5,12,'yellow'
1206,49,90,138,12,'yellow'
1207,50,18,196,0,'yellow'
1208,50,74,52,17,'yellow'
1209,50,69,58,0,'yellow'
1210,51,33,88,16,'red'
1211,51,33,84,16,'yellow'
1212,51,85,197,15,'yellow'
1213,52,24,164,8,'yellow'
1214,52,27,34,10,'yellow'
1215,52,32,198,10,'yellow'
1216,52,38,199,8,'yellow'
1217,52,41,130,8,'yellow'
1218,52,73,33,10,'yellow'
1219,52,87,200,8,'red'
1220,53,29,72,18,'yellow'
1221,53,38,203,18,'yellow'
1222,53,79,13,19,'yellow'
1223,54,42,81,6,'yellow'
1224,54,73,76,11,'yellow'
1225,54,70,42,11,'yellow'
1226,55,23,30,5,'yellow'
1227,55,26,206,12,'yellow'
1228,55,36,443,12,'yellow'
1229,55,49,163,5,'yellow'
1230,55,77,28,5,'yellow'
1231,56,24,207,7,'yellow'
1232,56,26,20,3,'yellow'
1233,56,85,132,3,'yellow'
1234,57,23,4,1,'yellow'
1235,57,87,0,13,'yellow'
1236,57,90,144,1,'yellow'
1237,57,91,210,13,'yellow'
1238,57,95,211,1,'red'
1239,58,74,120,4,'yellow'
1240,58,74,185,14,'yellow'
1241,59,8,105,9,'yellow'
1242,59,17,103,9,'yellow'
1243,59,27,212,2,'yellow'
1244,60,19,117,2,'yellow'
1245,60,27,214,2,'yellow'
1246,60,49,215,2,'yellow'
1247,60,60,24,15,'yellow'
1248,60,67,118,2,'red'
1249,60,78,216,15,'yellow'
1250,61,17,60,1,'yellow'
1251,61,27,219,16,'yellow'
1252,61,55,63,1,'yellow'
1253,61,63,220,1,'yellow'
1254,61,64,146,1,'yellow'
1255,61,82,146,1,'yellow2'
1256,61,82,221,16,'yellow'
1257,61,92,59,1,'yellow'
1258,62,4,115,17,'yellow'
1259,62,29,193,17,'yellow'
1260,62,34,150,18,'yellow'
1261,63,12,180,3,'yellow'
1262,63,20,28,5,'yellow'
1263,63,41,75,3,'yellow'
1264,63,46,62,5,'yellow'
1265,63,50,30,5,'yellow'
1266,63,57,187,5,'yellow'
1267,63,68,169,3,'yellow'
1268,64,33,171,11,'yellow'
1269,64,70,224,11,'yellow'
1270,64,75,186,4,'yellow'
1271,64,94,152,11,'yellow'
1272,65,14,189,6,'yellow'
1273,65,59,58,0,'yellow'
1274,65,59,226,6,'yellow'
1275,65,78,108,6,'yellow'
1276,65,83,55,0,'yellow'
1277,65,92,226,6,'yellow2'
1278,66,29,104,9,'yellow'
1279,67,27,230,13,'yellow'
1280,67,30,5,12,'yellow'
1281,67,35,231,12,'yellow'
1282,67,62,232,13,'yellow'
1283,67,65,231,12,'yellow2'
1284,67,65,206,12,'yellow'
1285,67,66,0,13,'yellow'
1286,67,85,94,13,'yellow'
1287,67,89,138,12,'yellow'
1288,68,27,161,14,'yellow'
1289,68,38,234,10,'yellow'
1290,68,43,235,14,'yellow'
1291,68,47,147,10,'yellow'
1292,68,54,36,10,'yellow'
1293,68,69,236,14,'yellow'
1294,68,90,235,14,'yellow2'
1295,69,15,237,8,'yellow'
1296,69,29,238,7,'red'
1297,69,60,164,8,'yellow'
1298,69,62,239,7,'yellow'
1299,69,92,240,7,'yellow'
1300,70,22,16,19,'yellow'
1301,71,51,177,0,'yellow'
1302,71,62,172,1,'yellow'
1303,71,89,241,0,'yellow'
1304,72,16,7,12,'yellow'
1305,72,40,242,12,'yellow'
1306,72,41,195,12,'yellow'
1307,72,42,147,10,'yellow'
1308,72,47,162,12,'yellow'
1309,72,51,147,10,'yellow2'
1310,72,53,243,12,'yellow'
1311,72,77,31,10,'yellow'
1312,72,84,244,10,'yellow'
1313,72,90,7,12,'yellow2'
1314,73,46,66,2,'yellow'
1315,73,65,245,14,'yellow'
1316,73,68,185,14,'yellow'
1317,73,86,215,2,'yellow'
1318,74,36,207,7,'yellow'
1319,74,38,155,7,'yellow'
1320,74,65,70,18,'yellow'
1321,74,72,114,7,'yellow'
1322,74,78,240,7,'yellow'
1323,74,88,72,18,'yellow'
1324,74,90,246,7,'yellow'
1325,75,30,249,16,'yellow'
1326,75,78,86,16,'yellow'
1327,76,31,187,5,'yellow'
1328,76,50,111,17,'yellow'
1329,76,70,53,17,'yellow'
1330,76,78,115,17,'yellow'
1331,76,82,250,17,'yellow'
1332,77,14,75,3,'yellow'
1333,77,17,81,6,'yellow'
1334,77,81,223,3,'yellow'
1335,78,1,232,13,'yellow'
1336,78,26,119,4,'yellow'
1337,78,51,251,13,'yellow'
1338,78,56,252,13,'yellow'
1339,78,88,210,13,'yellow'
1340,78,90,253,4,'yellow'
1341,79,32,99,8,'yellow'
1342,79,67,99,8,'yellow2'
1343,79,72,105,9,'yellow'
1344,79,79,105,9,'yellow2'
1345,79,83,131,8,'yellow'
1346,80,33,55,0,'yellow'
1347,80,42,256,0,'yellow'
1348,80,42,257,11,'yellow'
1349,80,42,241,0,'yellow'
1350,81,61,258,10,'yellow'
1351,81,87,198,10,'yellow'
1352,81,97,4,1,'yellow'
1353,82,31,88,16,'yellow'
1354,82,63,212,2,'yellow'
1355,82,63,17,2,'yellow'
1356,82,79,259,16,'yellow'
1357,82,87,260,2,'yellow'
1358,83,32,52,17,'yellow'
1359,83,47,250,17,'yellow'
1360,83,50,188,6,'yellow'
1361,83,72,81,6,'yellow'
1362,84,30,262,15,'yellow'
1363,84,32,222,3,'yellow'
1364,84,73,127,3,'yellow'
1365,84,84,126,3,'yellow'
1366,85,36,264,4,'yellow'
1367,85,40,69,4,'yellow'
1368,85,49,134,5,'yellow'
1369,86,40,202,19,'yellow'
1370,86,43,246,7,'red'
1371,86,85,16,19,'yellow'
1372,87,20,231,12,'yellow'
1373,87,35,266,9,'yellow'
1374,88,41,267,13,'yellow'
1375,88,69,268,14,'yellow'
1376,88,75,182,14,'yellow'
1377,88,80,210,13,'yellow'
1378,88,86,230,13,'yellow'
1379,89,20,130,8,'yellow'
1380,89,27,178,18,'yellow'
1381,89,46,21,18,'yellow'
1382,90,21,146,1,'yellow'
1383,90,37,144,1,'yellow'
1384,90,62,269,15,'yellow'
1385,91,33,215,2,'yellow'
1386,91,38,212,2,'yellow'
1387,91,47,203,18,'yellow'
1388,91,61,72,18,'yellow'
1389,92,32,52,17,'yellow'
1390,92,33,119,4,'yellow'
1391,92,41,270,17,'yellow'
1392,92,51,271,4,'red'
1393,92,64,50,17,'yellow'
1394,92,91,113,17,'yellow'
1395,92,92,264,4,'yellow'
1396,93,21,42,11,'yellow'
1397,93,25,272,14,'yellow'
1398,93,29,181,14,'yellow'
1399,93,50,235,14,'yellow'
1400,93,64,272,14,'yellow2'
1401,93,78,174,11,'yellow'
1402,93,92,273,11,'yellow'
1403,94,28,148,10,'yellow'
1404,94,34,148,10,'yellow2'
1405,94,58,274,10,'yellow'
1406,94,81,275,5,'yellow'
1407,94,92,187,5,'yellow'
1408,94,93,244,10,'yellow'
1409,94,93,163,5,'yellow'
1410,95,26,276,8,'yellow'
1411,95,35,277,6,'yellow'
1412,95,53,278,6,'yellow'
1413,95,57,46,8,'yellow'
1414,95,83,199,8,'yellow'
1415,95,85,261,6,'yellow'
1416,95,87,130,8,'yellow'
1417,95,92,254,8,'red'
1418,95,92,444,6,'yellow'
1419,96,22,128,3,'yellow'
1420,96,25,191,19,'yellow'
1421,96,58,15,19,'yellow'
1422,97,31,239,7,'yellow'
1423,97,57,90,7,'yellow'
1424,97,84,138,12,'yellow'
1425,97,93,231,12,'yellow'
1426,97,95,229,12,'red'
1427,98,36,281,16,'red'
1428,98,51,170,13,'yellow'
1429,99,26,177,0,'yellow'
1430,99,38,167,9,'yellow'
1431,99,42,284,0,'yellow'
1432,99,56,285,0,'yellow'
1433,99,63,106,9,'yellow'
1434,99,87,135,0,'yellow'
1435,100,39,177,0,'yellow'
1436,100,59,58,0,'yellow'
1437,100,71,286,12,'yellow'
1438,100,90,256,0,'yellow'
1439,101,12,120,4,'yellow'
1440,101,61,271,4,'yellow'
1441,101,91,264,4,'yellow'
1442,101,91,4,1,'yellow'
1443,101,93,209,1,'yellow'
1444,101,94,146,1,'yellow'
1445,102,42,287,16,'yellow'
1446,102,62,142,16,'yellow'
1447,102,64,445,16,'yellow'
1448,102,83,288,19,'yellow'
1449,102,83,16,19,'yellow'
1450,103,20,270,17,'yellow'
1451,103,82,289,3,'yellow'
1452,103,83,250,17,'yellow'
1453,103,91,193,17,'yellow'
1454,104,46,34,10,'yellow'
1455,104,61,267,13,'yellow'
1456,104,80,94,13,'yellow'
1457,105,28,290,6,'yellow'
1458,105,76,278,6,'yellow'
1459,105,91,107,6,'yellow'
1460,106,7,134,5,'yellow'
1461,106,12,291,5,'yellow'
1462,106,42,89,7,'yellow'
1463,106,64,292,7,'yellow'
1464,107,10,182,14,'yellow'
1465,107,39,100,15,'yellow'
1466,107,69,236,14,'yellow'
1467,107,70,233,14,'yellow'
1468,107,74,25,15,'yellow'
1469,107,85,262,15,'yellow'
1470,108,44,164,8,'yellow'
1471,108,47,157,2,'yellow'
1472,108,59,131,8,'yellow'
1473,108,63,276,8,'yellow'
1474,108,67,276,8,'yellow2'
1475,109,3,294,9,'red'
1476,109,42,295,9,'yellow'
1477,109,43,171,11,'yellow'
1478,109,56,78,11,'yellow'
1479,109,81,296,11,'yellow'
1480,109,82,297,9,'yellow'
1481,110,23,298,6,'yellow'
1482,110,28,80,6,'yellow'
1483,110,32,35,6,'yellow'
1484,110,34,102,15,'yellow'
1485,110,42,299,15,'yellow'
1486,110,54,262,15,'yellow'
1487,110,64,107,6,'yellow'
1488,111,47,221,16,'yellow'
1489,111,69,300,8,'yellow'
1490,111,78,46,8,'yellow'
1491,111,89,276,8,'yellow'
1492,111,91,301,8,'red'
1493,112,29,34,10,'yellow'
1494,112,37,302,10,'yellow'
1495,112,68,75,3,'yellow'
1496,112,70,79,3,'yellow'
1497,113,29,303,0,'yellow'
1498,113,56,304,0,'yellow'
1499,113,59,70,18,'yellow'
1500,113,85,150,18,'yellow'
1501,113,92,446,18,'yellow'
1502,114,24,117,2,'yellow'
1503,114,42,38,11,'yellow'
1504,114,44,118,2,'yellow'
1505,114,60,157,2,'yellow'
1506,114,75,17,2,'yellow'
1507,114,79,305,2,'yellow'
1508,115,56,115,17,'yellow'
1509,115,62,194,17,'yellow'
1510,115,74,16,19,'yellow'
1511,115,84,111,17,'yellow'
1512,116,28,186,4,'yellow'
1513,116,41,7,12,'yellow'
1514,116,44,162,12,'yellow'
1515,116,49,264,4,'yellow'
1516,116,57,69,4,'yellow'
1517,116,74,264,4,'yellow2'
1518,117,46,0,13,'yellow'
1519,117,46,306,5,'yellow'
1520,117,59,267,13,'yellow'
1521,117,60,94,13,'yellow'
1522,118,39,307,14,'yellow'
1523,118,41,184,14,'yellow'
1524,118,52,220,1,'yellow'
1525,119,4,106,9,'yellow'
1526,119,12,104,9,'yellow'
1527,119,14,308,9,'yellow'
1528,119,31,104,9,'yellow2'
1529,119,47,309,7,'yellow'
1530,119,69,90,7,'yellow'
1531,119,92,310,7,'yellow'
1532,119,94,266,9,'yellow'
1533,120,61,22,16,'yellow'
1534,120,68,287,16,'yellow'
1535,121,26,311,11,'yellow'
1536,121,36,52,17,'yellow'
1537,121,53,225,11,'yellow'
1538,121,72,115,17,'yellow'
1539,121,76,53,17,'yellow'
1540,122,31,181,14,'yellow'
1541,122,84,313,6,'yellow'
1542,122,86,314,14,'yellow'
1543,122,93,268,14,'yellow'
1544,123,50,292,7,'yellow'
1545,123,62,116,7,'yellow'
1546,123,68,117,2,'yellow'
1547,123,72,315,7,'yellow'
1548,123,90,18,2,'yellow'
1549,124,25,4,1,'yellow'
1550,124,39,204,5,'yellow'
1551,124,41,62,5,'yellow'
1552,125,59,73,4,'yellow'
1553,125,62,69,4,'yellow'
1554,125,80,106,10,'yellow'
1555,126,22,179,9,'yellow'
1556,126,62,79,3,'yellow'
1557,127,45,137,19,'yellow'
1558,127,54,284,0,'yellow'
1559,127,71,303,0,'yellow'
1560,127,74,282,0,'yellow'
1561,128,28,229,12,'yellow'
1562,128,30,131,8,'yellow'
1563,128,40,318,8,'yellow'
1564,128,44,99,8,'yellow'
1565,128,46,7,12,'yellow'
1566,128,59,97,8,'yellow'
1567,128,79,138,12,'red'
1568,129,47,72,18,'yellow'
1569,130,18,96,14,'yellow'
1570,130,49,182,14,'yellow'
1571,130,62,181,14,'yellow'
1572,130,78,223,3,'yellow'
1573,131,14,147,10,'yellow'
1574,131,63,321,10,'yellow'
1575,131,74,34,10,'yellow'
1576,131,86,106,10,'yellow'
1577,131,93,312,6,'yellow'
1578,131,95,36,10,'red'
1579,132,14,319,13,'yellow'
1580,132,20,322,9,'yellow'
1581,132,38,294,9,'yellow'
1582,132,51,283,9,'yellow'
1583,133,48,146,1,'yellow'
1584,133,58,220,1,'yellow'
1585,133,84,323,2,'yellow'
1586,134,29,72,18,'yellow'
1587,134,40,324,18,'yellow'
1588,134,65,225,11,'yellow'
1589,135,74,250,17,'yellow'
1590,135,83,112,17,'yellow'
1591,136,36,262,15,'yellow'
1592,136,60,246,7,'yellow'
1593,136,65,325,7,'yellow'
1594,136,65,26,15,'yellow'
1595,136,83,29,15,'yellow'
1596,137,31,3,0,'yellow'
1597,137,41,27,5,'yellow'
1598,137,59,304,0,'yellow'
1599,137,65,282,0,'red'
1600,137,68,326,5,'red'
1601,137,90,285,0,'yellow'
1602,138,14,281,16,'yellow'
1603,138,44,327,16,'yellow'
1604,138,57,328,4,'yellow'
1605,139,72,131,8,'yellow'
1606,140,21,329,11,'yellow'
1607,140,35,237,8,'yellow'
1608,140,39,42,11,'yellow'
1609,140,41,38,11,'yellow'
1610,140,52,311,11,'yellow'
1611,141,26,320,10,'yellow'
1612,141,68,1,0,'red'
1613,141,25,55,0,'yellow'
1614,141,92,58,0,'red'
1615,141,92,177,0,'yellow'
1616,142,42,146,1,'yellow'
1617,142,49,32,6,'yellow'
1618,142,55,4,1,'yellow'
1619,142,66,59,1,'yellow'
1620,142,96,107,6,'yellow'
1621,142,96,10,1,'yellow'
1622,143,25,168,9,'yellow'
1623,143,36,156,2,'yellow'
1624,143,43,17,2,'yellow'
1625,144,23,331,16,'yellow'
1626,144,58,163,5,'yellow'
1627,144,71,332,5,'yellow'
1628,145,17,43,7,'yellow'
1629,145,63,125,18,'yellow'
1630,145,81,72,18,'yellow'
1631,146,52,132,3,'yellow'
1632,146,53,69,4,'yellow'
1633,146,78,333,4,'yellow'
1634,146,87,77,3,'yellow'
1635,147,39,262,15,'yellow'
1636,148,15,286,12,'yellow'
1637,148,48,47,14,'yellow'
1638,148,64,335,14,'yellow'
1639,148,77,279,12,'yellow'
1640,149,45,113,17,'yellow'
1641,149,60,319,13,'yellow'
1642,149,61,115,17,'yellow'
1643,149,66,112,17,'yellow'
1644,149,67,336,13,'yellow'
1645,149,71,337,13,'yellow'
1646,150,26,171,11,'yellow'
1647,150,29,225,11,'yellow'
1648,150,39,197,15,'yellow'
1649,150,70,247,11,'yellow'
1650,150,79,25,15,'yellow'
1651,151,9,339,19,'yellow'
1652,151,14,438,14,'yellow'
1653,151,36,15,19,'yellow'
1654,151,65,182,14,'yellow'
1655,151,79,340,14,'yellow'
1656,151,84,184,14,'yellow'
1657,152,65,108,6,'yellow'
1658,152,67,167,9,'yellow'
1659,152,67,109,6,'yellow'
1660,152,87,313,6,'yellow'
1661,153,49,11,1,'yellow'
1662,153,59,209,1,'yellow'
1663,153,71,251,13,'yellow'
1664,154,5,343,18,'yellow'
1665,154,19,231,12,'yellow'
1666,154,30,7,12,'yellow'
1667,154,47,324,18,'yellow'
1668,154,83,344,18,'yellow'
1669,155,8,30,5,'yellow'
1670,155,8,112,17,'yellow'
1671,155,25,115,17,'yellow'
1672,155,28,205,5,'yellow'
1673,155,41,345,17,'yellow'
1674,155,43,291,5,'yellow'
1675,156,49,120,4,'yellow'
1676,156,83,271,4,'red'
1677,156,96,347,2,'yellow'
1678,157,27,2,0,'yellow'
1679,157,31,222,3,'yellow'
1680,157,67,56,0,'yellow'
1681,157,75,3,0,'yellow'
1682,157,88,176,0,'red'
1683,157,90,79,3,'yellow'
1684,158,30,89,7,'yellow'
1685,158,80,348,16,'yellow'
1686,158,93,114,7,'yellow'
1687,159,29,330,10,'yellow'
1688,159,37,131,8,'yellow'
1689,159,48,254,8,'yellow'
1690,159,79,320,10,'yellow'
1691,159,87,36,10,'yellow'
1692,159,90,151,10,'yellow'
1693,159,93,254,8,'yellow2'
1694,160,30,174,11,'yellow'
1695,160,61,74,11,'yellow'
1696,160,66,141,0,'yellow'
1697,161,18,294,9,'yellow'
1698,161,28,351,9,'yellow'
1699,161,30,320,10,'yellow'
1700,161,32,266,9,'yellow'
1701,162,45,313,6,'yellow'
1702,162,51,50,17,'red'
1703,162,56,270,17,'yellow'
1704,163,58,348,16,'yellow'
1705,163,65,22,16,'yellow'
1706,163,85,348,16,'yellow2'
1707,164,30,346,4,'yellow'
1708,164,52,291,5,'yellow'
1709,164,69,353,4,'red'
1710,164,83,332,5,'yellow'
1711,164,86,119,4,'yellow'
1712,164,95,354,4,'yellow'
1713,165,70,239,7,'yellow'
1714,165,71,318,8,'yellow'
1715,166,7,356,1,'yellow'
1716,166,24,220,1,'yellow'
1717,166,40,180,3,'yellow'
1718,166,76,144,1,'yellow'
1719,166,76,143,1,'yellow'
1720,166,81,20,3,'yellow'
1721,167,37,227,19,'yellow'
1722,167,51,343,18,'yellow'
1723,168,50,262,15,'yellow'
1724,168,72,25,15,'yellow'
1725,168,80,153,15,'yellow'
1726,168,92,197,15,'red'
1727,169,20,307,14,'yellow'
1728,169,22,230,13,'yellow'
1729,169,71,235,14,'yellow'
1730,169,73,252,13,'yellow'
1731,170,16,102,15,'red'
1732,170,61,358,3,'yellow'
1733,170,61,26,15,'yellow'
1734,170,64,169,3,'yellow'
1735,171,8,37,7,'yellow'
1736,171,25,325,7,'yellow'
1737,171,44,114,7,'yellow'
1738,171,47,240,7,'yellow'
1739,171,48,257,11,'yellow'
1740,171,48,257,11,'red'
1741,171,80,239,7,'yellow'
1742,171,92,139,11,'yellow'
1743,171,92,38,11,'yellow'
1744,171,94,155,7,'yellow'
1745,171,95,311,11,'yellow'
1746,172,2,360,1,'yellow'
1747,172,18,340,14,'yellow'
1748,172,22,144,1,'yellow'
1749,172,84,10,1,'yellow'
1750,172,92,316,1,'red'
1751,172,92,209,1,'yellow'
1752,173,29,324,18,'yellow'
1753,173,38,21,18,'red'
1754,173,88,204,5,'yellow'
1755,174,6,151,10,'red'
1756,174,18,345,17,'yellow'
1757,175,18,337,13,'yellow'
1758,175,23,363,13,'yellow'
1759,175,66,17,2,'yellow'
1760,175,71,17,2,'yellow2'
1761,175,76,336,13,'yellow'
1762,175,85,364,13,'yellow'
1763,175,86,66,2,'yellow'
1764,176,88,15,19,'yellow'
1765,177,4,179,9,'yellow'
1766,177,48,196,0,'red'
1767,177,60,365,9,'red'
1768,177,82,168,9,'red'
1769,177,85,104,9,'yellow'
1770,178,22,142,16,'yellow'
1771,178,50,440,16,'yellow'
1772,178,52,231,12,'yellow'
1773,178,59,7,12,'yellow'
1774,178,62,221,16,'yellow'
1775,179,16,81,6,'yellow'
1776,179,36,97,8,'yellow'
1777,179,37,107,6,'yellow'
1778,179,86,261,6,'yellow'
1779,179,90,82,6,'yellow'
1780,179,90,129,8,'yellow'
1781,180,30,179,9,'yellow'
1782,180,38,111,17,'yellow'
1783,180,48,52,17,'yellow'
1784,180,50,368,9,'yellow'
1785,180,53,369,9,'yellow'
1786,181,56,78,11,'yellow'
1787,182,96,198,10,'yellow'
1788,183,53,342,18,'yellow'
1789,183,55,72,18,'yellow'
1790,183,71,283,18,'yellow'
1791,183,80,82,6,'yellow'
1792,183,85,203,18,'red'
1793,184,21,165,8,'yellow'
1794,184,83,129,8,'yellow'
1795,185,50,371,4,'yellow'
1796,185,86,155,7,'yellow'
1797,185,91,120,4,'yellow'
1798,186,7,142,16,'yellow'
1799,186,28,249,16,'yellow'
1800,186,46,128,3,'yellow'
1801,186,56,169,3,'yellow'
1802,186,64,348,16,'yellow'
1803,186,68,88,16,'yellow'
1804,186,69,287,16,'yellow'
1805,186,72,20,3,'yellow'
1806,187,28,372,19,'yellow'
1807,187,68,118,2,'yellow'
1808,187,68,12,19,'yellow'
1809,187,76,373,2,'yellow'
1810,187,87,260,2,'yellow'
1811,188,24,7,12,'yellow'
1812,188,26,58,0,'yellow'
1813,188,38,256,0,'yellow'
1814,188,45,177,0,'yellow'
1815,188,54,160,12,'yellow'
1816,188,63,374,12,'yellow'
1817,188,88,366,12,'yellow'
1818,188,90,279,12,'yellow'
1819,189,24,338,15,'yellow'
1820,190,82,134,5,'yellow'
1821,191,43,273,11,'yellow'
1822,191,83,329,11,'yellow'
1823,192,43,114,7,'yellow'
1824,192,91,447,7,'yellow'
1825,193,40,72,18,'yellow'
1826,193,81,378,18,'yellow'
1827,193,88,379,18,'yellow'
1828,193,89,178,18,'yellow'
1829,193,92,36,10,'yellow'
1830,194,29,289,3,'yellow'
1831,194,29,323,2,'yellow'
1832,194,40,358,3,'yellow'
1833,194,43,66,2,'yellow'
1834,194,52,20,3,'yellow'
1835,194,60,358,3,'yellow2'
1836,194,63,380,2,'yellow'
1837,194,66,156,2,'yellow'
1838,194,71,127,3,'yellow'
1839,194,75,77,3,'yellow'
1840,194,88,289,3,'yellow2'
1841,194,90,260,2,'yellow'
1842,195,9,235,14,'yellow'
1843,195,60,120,4,'red'
1844,196,33,334,19,'yellow'
1845,196,81,136,19,'yellow'
1846,197,19,81,6,'yellow'
1847,197,43,442,6,'yellow'
1848,197,56,285,0,'yellow'
1849,197,77,312,6,'yellow'
1850,197,84,82,6,'yellow'
1851,198,24,363,13,'yellow'
1852,198,47,22,16,'yellow'
1853,199,33,111,17,'yellow'
1854,199,36,53,17,'yellow'
1855,199,49,52,17,'yellow'
1856,199,79,53,17,'yellow2'
1857,199,82,318,8,'yellow'
1858,199,87,345,17,'yellow'
1859,200,4,221,16,'yellow'
1860,200,5,359,14,'yellow'
1861,200,36,182,14,'yellow'
1862,201,37,262,15,'yellow'
1863,201,38,36,10,'yellow'
1864,201,42,26,15,'red'
1865,201,66,213,15,'yellow'
1866,201,68,330,10,'yellow'
1867,201,78,106,10,'yellow'
1868,201,87,299,15,'yellow'
1869,202,50,322,9,'yellow'
1870,202,70,382,18,'yellow'
1871,202,90,168,9,'red'
1872,202,93,308,9,'yellow'
1873,203,53,377,11,'yellow'
1874,203,74,313,6,'yellow'
1875,204,31,115,17,'yellow'
1876,204,38,264,4,'yellow'
1877,204,64,119,4,'yellow'
1878,204,70,53,17,'yellow'
1879,205,33,134,5,'yellow'
1880,205,59,18,2,'yellow'
1881,205,66,156,2,'yellow'
1882,205,74,17,2,'yellow'
1883,206,17,114,7,'yellow'
1884,206,25,256,0,'yellow'
1885,206,27,285,0,'yellow'
1886,206,56,240,7,'yellow'
1887,206,57,58,0,'yellow'
1888,206,58,43,7,'red'
1889,206,67,91,7,'yellow'
1890,206,70,55,0,'yellow'
1891,206,73,304,0,'yellow'
1892,207,23,15,19,'yellow'
1893,207,43,77,3,'yellow'
1894,207,58,334,19,'yellow'
1895,207,63,136,19,'yellow'
1896,207,72,20,3,'yellow'
1897,207,73,75,3,'yellow'
1898,207,74,13,19,'yellow'
1899,207,89,12,19,'yellow'
1900,208,20,59,1,'yellow'
1901,208,37,138,12,'yellow'
1902,208,50,385,12,'yellow'
1903,208,65,220,1,'yellow'
1904,209,57,130,8,'yellow'
1905,209,76,131,8,'yellow'
1906,210,22,182,14,'yellow'
1907,210,25,25,15,'yellow'
1908,210,63,102,15,'yellow'
1909,210,66,100,15,'yellow'
1910,210,68,161,14,'yellow'
1911,210,76,262,15,'yellow'
1912,210,93,184,14,'yellow'
1913,211,4,345,17,'yellow'
1914,211,9,386,1,'yellow'
1915,211,58,352,17,'yellow'
1916,211,63,63,1,'yellow'
1917,212,6,279,12,'yellow'
1918,212,42,14,2,'yellow'
1919,212,58,387,2,'yellow'
1920,212,71,5,12,'yellow'
1921,212,74,138,12,'yellow'
1922,212,85,138,12,'yellow2'
1923,213,31,294,9,'yellow'
1924,213,57,40,7,'yellow'
1925,214,28,383,4,'yellow'
1926,214,35,318,8,'yellow'
1927,214,59,73,4,'yellow'
1928,215,13,180,3,'yellow'
1929,215,13,151,10,'yellow'
1930,215,14,101,10,'yellow'
1931,215,60,34,10,'yellow'
1932,215,82,289,3,'yellow'
1933,216,80,62,5,'yellow'
1934,217,36,256,0,'yellow'
1935,217,45,21,18,'yellow'
1936,217,65,343,18,'yellow'
1937,217,87,196,0,'yellow'
1938,217,88,124,18,'yellow'
1939,217,88,58,0,'yellow'
1940,217,68,389,18,'yellow'
1941,218,63,174,11,'yellow'
1942,218,63,88,16,'yellow'
1943,218,74,38,11,'yellow'
1944,218,86,273,11,'yellow'
1945,218,91,171,11,'yellow'
1946,219,24,312,6,'yellow'
1947,219,28,210,13,'yellow'
1948,219,35,0,13,'yellow'
1949,219,67,0,13,'yellow2'
1950,219,79,278,6,'yellow'
1951,219,45,188,6,'yellow'
1952,220,51,234,10,'yellow'
1953,220,53,1,0,'yellow'
1954,220,61,31,10,'yellow'
1955,220,70,304,0,'yellow'
1956,220,83,302,10,'yellow'
1957,221,14,115,17,'yellow'
1958,221,31,153,15,'yellow'
1959,221,74,100,15,'yellow'
1960,221,93,113,17,'yellow'
1961,222,30,8,1,'yellow'
1962,222,40,341,1,'yellow'
1963,222,52,156,2,'yellow'
1964,222,61,211,1,'yellow'
1965,222,63,10,1,'yellow'
1966,222,77,220,1,'yellow'
1967,223,1,392,18,'red'
1968,223,31,235,14,'yellow'
1969,223,60,185,14,'yellow'
1970,223,65,96,14,'yellow'
1971,224,48,319,13,'yellow'
1972,224,58,94,13,'yellow'
1973,224,59,267,13,'yellow'
1974,224,85,393,3,'yellow'
1975,225,28,395,4,'yellow'
1976,225,70,365,9,'yellow'
1977,226,46,28,5,'yellow'
1978,226,55,133,5,'yellow'
1979,226,74,15,19,'yellow'
1980,226,49,202,19,'yellow'
1981,227,13,312,6,'yellow'
1982,227,40,231,12,'yellow'
1983,227,57,195,12,'yellow'
1984,227,65,443,12,'yellow'
1985,228,45,214,16,'yellow'
1986,228,71,114,7,'yellow'
1987,228,72,287,16,'yellow'
1988,228,82,397,16,'yellow'
1989,229,50,78,11,'yellow'
1990,229,57,224,11,'yellow'
1991,229,79,398,11,'yellow'
1992,229,87,38,11,'yellow'
1993,230,5,399,12,'yellow'
1994,230,36,152,11,'yellow'
1995,230,70,385,12,'yellow'
1996,230,73,38,11,'yellow'
1997,231,18,268,14,'yellow'
1998,231,47,235,14,'yellow'
1999,232,73,266,9,'yellow'
2000,232,74,297,9,'red'
2001,233,67,121,4,'yellow'
2002,233,68,119,4,'yellow'
2003,233,83,203,18,'yellow'
2004,234,7,26,15,'yellow'
2005,234,26,298,6,'yellow'
2006,234,36,401,6,'yellow'
2007,234,48,213,15,'yellow'
2008,234,87,269,15,'yellow'
2009,236,64,239,7,'yellow'
2010,236,81,291,5,'yellow'
2011,236,93,134,5,'yellow'
2012,237,36,17,2,'yellow'
2013,237,45,157,2,'yellow'
2014,237,50,66,2,'yellow'
2015,237,58,256,0,'yellow'
2016,237,64,284,0,'yellow'
2017,238,12,363,13,'yellow'
2018,238,19,75,3,'yellow'
2019,238,20,267,13,'yellow'
2020,238,32,169,3,'yellow'
2021,238,50,94,13,'yellow'
2022,238,53,402,3,'yellow'
2023,238,53,208,13,'yellow'
2024,238,65,319,13,'yellow'
2025,238,71,223,3,'yellow'
2026,239,25,220,1,'yellow'
2027,239,49,63,1,'red'
2028,239,51,45,8,'yellow'
2029,239,51,146,1,'yellow'
2030,239,62,59,1,'yellow'
2031,239,81,254,8,'yellow'
2032,239,89,99,8,'yellow'
2033,240,4,203,18,'yellow'
2034,240,38,72,18,'yellow'
2035,240,60,149,18,'yellow'
2036,240,63,153,15,'yellow'
2037,240,72,379,18,'yellow'
2038,241,45,133,5,'yellow'
2039,241,66,182,14,'yellow'
2040,241,93,326,5,'yellow'
2041,241,81,275,5,'yellow'
2042,242,42,143,1,'yellow'
2043,242,45,144,1,'yellow'
2044,242,45,135,0,'yellow'
2045,242,54,282,0,'yellow'
2046,243,40,362,2,'yellow'
2047,243,43,118,2,'yellow'
2048,243,54,254,8,'yellow'
2049,243,57,276,8,'yellow'
2050,243,68,403,8,'yellow'
2051,243,93,17,2,'yellow'
2052,244,31,345,17,'yellow'
2053,244,62,115,17,'yellow'
2054,244,70,239,7,'yellow'
2055,245,8,73,4,'yellow'
2056,245,29,251,13,'yellow'
2057,245,33,69,4,'yellow'
2058,246,43,226,6,'yellow'
2059,246,64,189,6,'yellow'
2060,246,67,75,3,'yellow'
2061,247,32,405,11,'yellow'
2062,247,67,191,19,'yellow'
2063,248,32,406,9,'yellow'
2064,248,37,248,16,'yellow'
2065,248,44,308,9,'yellow'
2066,249,28,385,12,'yellow'
2067,249,40,175,10,'yellow'
2068,249,41,231,12,'yellow'
2069,249,46,7,12,'yellow'
2070,249,56,244,10,'yellow'
2071,249,75,229,12,'yellow'
2072,250,90,10,1,'yellow'
2073,250,92,370,11,'yellow'
2074,251,9,27,5,'yellow'
2075,251,28,34,10,'yellow'
2076,251,30,384,5,'yellow'
2077,251,85,320,10,'yellow'
2078,252,39,369,9,'yellow'
2079,252,90,299,15,'yellow'
2080,254,61,401,6,'yellow'
2081,254,81,81,6,'yellow'
2082,254,83,118,2,'yellow'
2083,255,25,193,17,'yellow'
2084,256,68,288,19,'yellow'
2085,257,4,256,0,'yellow'
2086,257,22,122,4,'yellow'
2087,257,32,177,0,'yellow'
2088,257,55,253,4,'yellow'
2089,257,86,68,4,'red'
2090,257,87,304,0,'yellow'
2091,258,62,319,13,'yellow'
2092,259,47,254,8,'yellow'
2093,259,74,287,16,'yellow'
2094,260,18,115,17,'yellow'
2095,260,18,111,17,'yellow'
2096,260,18,102,15,'yellow'
2097,260,51,50,17,'yellow'
2098,260,56,408,17,'yellow'
2099,260,79,53,17,'yellow'
2100,261,20,265,9,'yellow'
2101,261,37,235,14,'yellow'
2102,261,53,266,9,'yellow'
2103,261,60,233,14,'yellow'
2104,262,27,320,10,'yellow'
2105,262,56,64,10,'yellow'
2106,263,32,157,2,'yellow'
2107,263,43,410,11,'yellow'
2108,263,44,174,11,'yellow'
2109,263,55,118,2,'red'
2110,263,65,152,11,'red'
2111,264,38,332,5,'yellow'
2112,264,66,128,3,'yellow'
2113,264,69,20,3,'yellow'
2114,266,19,341,1,'yellow'
2115,266,23,383,4,'yellow'
2116,266,28,386,1,'yellow'
2117,266,59,120,4,'yellow'
2118,266,78,69,4,'yellow'
2119,267,76,331,16,'yellow'
2120,268,7,231,12,'yellow'
2121,268,31,82,6,'yellow'
2122,268,60,278,6,'yellow'
2123,268,74,206,12,'yellow'
2124,268,79,189,6,'yellow'
2125,268,85,82,6,'red'
2126,269,67,58,0,'yellow'
2127,269,67,58,0,'yellow2'
2128,269,67,276,8,'yellow'
2129,270,76,410,11,'yellow'
2130,271,30,385,12,'yellow'
2131,271,60,399,12,'yellow'
2132,271,65,266,9,'yellow'
2133,271,86,366,12,'yellow'
2134,271,86,400,9,'yellow'
2135,272,9,197,15,'yellow'
2136,272,24,11,1,'yellow'
2137,272,34,213,15,'red'
2138,272,54,412,1,'yellow'
2139,272,69,153,15,'yellow'
2140,273,74,97,8,'yellow'
2141,273,77,129,8,'yellow'
2142,273,79,343,18,'yellow'
2143,274,43,306,5,'yellow'
2144,274,46,188,6,'yellow'
2145,274,59,326,5,'yellow'
2146,275,46,115,17,'yellow'
2147,275,48,212,2,'yellow'
2148,275,48,270,17,'yellow'
2149,275,51,111,17,'yellow'
2150,275,62,215,2,'yellow'
2151,275,67,111,17,'yellow2'
2152,276,24,128,3,'red'
2153,276,52,180,3,'yellow'
2154,276,81,240,7,'yellow'
2155,276,88,155,7,'yellow'
2156,276,93,223,3,'yellow'
2157,278,24,55,0,'yellow'
2158,278,61,359,14,'yellow'
2159,278,62,256,0,'yellow'
2160,278,70,177,0,'yellow'
2161,278,72,181,14,'yellow'
2162,279,5,252,13,'yellow'
2163,279,18,34,10,'yellow'
2164,279,56,320,10,'yellow'
2165,279,89,0,13,'yellow'
2166,279,91,319,13,'yellow'
2167,280,65,233,14,'yellow'
2168,280,74,178,18,'yellow'
2169,280,81,161,14,'yellow'
2170,281,41,34,10,'yellow'
2171,281,63,287,16,'yellow'
2172,281,79,330,10,'red'
2173,281,93,287,16,'yellow2'
2174,282,14,143,1,'yellow'
2175,282,41,39,19,'yellow'
2176,282,47,12,19,'yellow'
2177,283,15,52,17,'yellow'
2178,283,62,58,0,'yellow'
2179,283,77,110,17,'yellow'
2180,283,91,115,17,'yellow'
2181,283,93,112,17,'yellow'
2182,283,93,176,0,'yellow'
2183,284,60,100,15,'yellow'
2184,284,64,157,2,'yellow'
2185,284,71,197,15,'yellow'
2186,284,80,357,15,'yellow'
2187,284,87,413,15,'yellow'
2188,285,41,187,5,'red'
2189,285,68,369,9,'yellow'
2190,285,82,406,9,'yellow'
2191,286,55,195,12,'yellow'
2192,286,58,414,12,'yellow'
2193,286,74,7,12,'yellow'
2194,286,85,239,7,'yellow'
2195,287,44,107,6,'yellow'
2196,287,56,264,4,'red'
2197,287,79,82,6,'yellow'
2198,287,81,188,6,'yellow'
2199,287,92,186,4,'yellow'
2200,288,80,174,11,'yellow'
2201,288,86,337,13,'yellow'
2202,288,91,247,11,'yellow'
2203,288,94,78,11,'yellow'
2204,289,13,127,3,'yellow'
2205,289,34,165,8,'yellow'
2206,289,84,183,3,'yellow'
2207,289,84,415,8,'yellow'
2208,289,95,222,3,'yellow'
2209,290,13,102,15,'yellow'
2210,290,21,186,4,'yellow'
2211,290,52,388,4,'yellow'
2212,290,71,100,15,'yellow'
2213,290,88,69,4,'yellow'
2214,290,91,333,4,'yellow'
2215,291,84,101,10,'yellow'
2216,291,89,42,11,'yellow'
2217,291,93,139,11,'yellow'
2218,292,23,235,14,'yellow'
2219,292,30,184,14,'yellow'
2220,292,43,254,8,'yellow'
2221,292,46,403,8,'yellow'
2222,292,77,44,14,'red'
2223,293,7,265,9,'yellow'
2224,293,23,167,9,'yellow'
2225,293,43,11,1,'yellow'
2226,293,57,179,9,'yellow'
2227,293,93,308,9,'yellow'
2228,294,65,157,2,'yellow'
2229,294,71,203,18,'yellow'
2230,294,90,347,2,'yellow'
2231,295,74,188,6,'yellow'
2232,295,89,239,7,'yellow'
2233,296,15,250,17,'yellow'
2234,296,74,112,17,'yellow'
2235,296,88,75,3,'yellow'
2236,297,35,416,13,'yellow'
2237,297,57,16,19,'yellow'
2238,298,40,285,0,'yellow'
2239,298,63,2,0,'yellow'
2240,298,73,303,0,'yellow'
2241,298,75,417,16,'yellow'
2242,299,52,5,12,'yellow'
2243,299,54,279,12,'yellow'
2244,299,82,163,5,'yellow'
2245,300,85,124,18,'yellow'
2246,301,50,32,6,'yellow'
2247,301,61,259,16,'yellow'
2248,301,76,221,16,'yellow'
2249,301,92,261,6,'yellow'
2250,302,51,288,19,'yellow'
2251,302,74,270,17,'yellow'
2252,303,26,36,10,'yellow'
2253,303,42,64,10,'yellow'
2254,303,45,380,2,'yellow'
2255,303,79,244,10,'yellow'
2256,303,94,350,10,'yellow'
2257,305,23,161,14,'yellow'
2258,305,54,272,14,'yellow'
2259,305,56,272,14,'yellow2'
2260,305,73,419,14,'red'
2261,305,74,340,14,'yellow'
2262,305,74,207,7,'yellow'
2263,305,74,182,14,'yellow'
2264,305,74,325,7,'yellow'
2265,306,68,271,4,'yellow'
2266,306,71,138,12,'yellow'
2267,306,88,253,4,'yellow'
2268,307,21,76,11,'yellow'
2269,307,23,76,11,'yellow2'
2270,307,64,169,3,'yellow'
2271,307,65,273,11,'yellow'
2272,307,70,405,11,'yellow'
2273,307,75,42,11,'yellow'
2274,308,55,58,0,'yellow'
2275,308,73,269,15,'yellow'
2276,309,18,295,9,'yellow'
2277,309,51,400,9,'yellow'
2278,309,86,131,8,'yellow'
2279,309,87,97,8,'yellow'
2280,309,88,367,9,'yellow'
2281,310,2,357,15,'yellow'
2282,310,70,411,15,'yellow'
2283,310,74,403,8,'yellow'
2284,310,75,338,15,'yellow'
2285,310,79,262,15,'yellow'
2286,311,23,30,5,'yellow'
2287,311,73,78,11,'yellow'
2288,311,89,174,11,'yellow'
2289,311,89,273,11,'yellow'
2290,312,42,233,14,'yellow'
2291,312,83,214,2,'yellow'
2292,312,98,236,14,'yellow'
2293,313,10,207,7,'yellow'
2294,313,65,320,10,'yellow'
2295,313,71,34,10,'yellow'
2296,314,23,328,4,'yellow'
2297,314,31,266,9,'yellow'
2298,314,81,368,9,'yellow'
2299,315,10,21,18,'yellow'
2300,315,74,250,17,'yellow'
2301,315,92,178,18,'yellow'
2302,316,38,13,19,'yellow'
2303,316,51,313,6,'yellow'
2304,317,25,397,16,'yellow'
2305,317,28,211,1,'yellow'
2306,317,72,144,1,'yellow'
2307,317,15,209,1,'yellow'
2308,317,15,172,1,'yellow'
2309,318,25,169,3,'yellow'
2310,318,27,85,12,'yellow'
2311,318,43,243,12,'yellow'
2312,318,41,229,12,'yellow'
2313,318,53,231,12,'yellow'
2314,318,55,79,3,'yellow'
2315,318,85,414,12,'yellow'
2316,319,26,363,13,'yellow'
2317,319,32,256,0,'yellow'
2318,319,43,319,13,'yellow'
2319,319,69,303,0,'yellow'
2320,319,81,1,0,'yellow'
2321,319,84,304,0,'yellow'
2322,319,84,267,13,'yellow'
2323,319,92,282,0,'yellow'
2324,320,22,37,7,'yellow'
2325,320,40,40,7,'yellow'
2326,320,55,153,15,'yellow'
2327,320,87,420,15,'yellow'
2328,321,23,220,1,'yellow'
2329,321,36,144,1,'yellow'
2330,321,37,290,6,'yellow'
2331,321,49,396,6,'yellow'
2332,321,51,396,6,'red'
2333,321,53,10,1,'yellow'
2334,321,65,35,6,'yellow'
2335,322,67,219,16,'yellow'
2336,322,74,142,16,'red'
2337,323,2,122,4,'yellow'
2338,323,15,186,4,'yellow'
2339,323,17,321,10,'yellow'
2340,323,61,68,4,'yellow'
2341,323,63,120,4,'yellow'
2342,323,84,23,4,'yellow'
2343,323,74,69,4,'yellow'
2344,324,36,53,17,'yellow'
2345,324,46,270,17,'yellow'
2346,324,52,111,17,'yellow'
2347,324,81,17,2,'yellow'
2348,325,70,191,19,'yellow'
2349,326,44,70,18,'yellow'
2350,326,51,206,12,'yellow'
2351,326,57,414,12,'yellow'
2352,326,79,6,12,'yellow'
2353,327,55,94,13,'yellow'
2354,327,56,131,8,'yellow'
2355,327,65,99,8,'yellow'
2356,327,67,423,8,'yellow'
2357,327,75,267,13,'yellow'
2358,328,4,304,0,'red'
2359,328,51,391,0,'yellow'
2360,328,73,2,0,'red'
2361,328,82,184,14,'yellow'
2362,329,56,400,9,'yellow'
2363,329,79,106,9,'yellow'
2364,329,86,424,5,'yellow'
2365,330,11,174,11,'yellow'
2366,330,20,51,17,'yellow'
2367,330,30,52,17,'yellow'
2368,330,75,152,11,'yellow'
2369,330,91,50,17,'yellow'
2370,330,95,409,11,'yellow'
2371,331,66,24,15,'yellow'
2372,331,68,72,18,'yellow'
2373,332,26,215,2,'yellow'
2374,332,38,118,2,'yellow'
2375,332,68,117,2,'yellow'
2376,332,91,127,3,'yellow'
2377,332,93,305,2,'yellow'
2378,333,30,271,4,'yellow'
2379,333,34,177,0,'yellow'
2380,333,37,383,4,'yellow'
2381,334,18,235,14,'yellow'
2382,334,36,30,5,'yellow'
2383,334,41,425,5,'yellow'
2384,334,61,426,14,'yellow'
2385,334,66,424,5,'yellow'
2386,335,37,230,13,'yellow'
2387,335,46,427,13,'yellow'
2388,335,50,32,6,'yellow'
2389,335,52,298,6,'red'
2390,335,56,290,6,'yellow'
2391,335,65,252,13,'yellow'
2392,335,78,312,6,'red'
2393,336,39,244,10,'yellow'
2394,336,65,114,7,'yellow'
2395,336,74,148,10,'yellow'
2396,336,87,151,10,'yellow'
2397,337,32,60,1,'yellow'
2398,337,56,16,19,'yellow'
2399,337,71,146,1,'yellow'
2400,337,77,60,1,'yellow2'
2401,337,94,136,19,'yellow'
2402,337,94,61,1,'yellow'
2403,338,20,97,8,'yellow'
2404,338,68,160,12,'yellow'
2405,338,71,131,8,'yellow'
2406,338,95,138,12,'yellow'
2407,339,35,104,9,'yellow'
2408,339,43,217,16,'yellow'
2409,339,57,265,9,'yellow'
2410,339,57,217,16,'yellow2'
2411,339,65,308,9,'yellow'
2412,339,89,83,9,'yellow'
2413,340,23,262,15,'yellow'
2414,340,33,26,15,'red'
2415,340,59,265,9,'yellow'
2416,340,56,297,9,'yellow'
2417,340,74,24,15,'yellow'
2418,340,84,167,9,'yellow'
2419,341,85,116,7,'yellow'
2420,341,87,239,7,'yellow'
2421,341,87,303,0,'yellow'
2422,342,18,211,1,'yellow'
2423,342,46,130,8,'yellow'
2424,342,56,146,1,'yellow'
2425,342,57,165,8,'yellow'
2426,342,77,97,8,'red'
2427,343,31,221,16,'yellow'
2428,343,41,204,5,'yellow'
2429,343,46,133,5,'yellow'
2430,343,47,22,16,'yellow'
2431,343,86,27,5,'yellow'
2432,343,89,430,5,'yellow'
2433,344,27,53,17,'yellow'
2434,344,37,115,17,'yellow'
2435,344,39,53,17,'yellow2'
2436,344,58,113,17,'yellow'
2437,344,63,51,17,'yellow'
2438,344,74,101,10,'yellow'
2439,344,74,112,17,'yellow'
2440,344,80,151,10,'yellow'
2441,345,13,119,4,'yellow'
2442,345,21,383,4,'yellow'
2443,345,23,253,4,'yellow'
2444,345,44,68,4,'red'
2445,345,61,186,4,'yellow'
2446,345,80,358,3,'yellow'
2447,346,23,125,18,'yellow'
2448,346,51,382,18,'yellow'
2449,346,62,343,18,'yellow'
2450,346,76,410,11,'yellow'
2451,346,87,225,11,'yellow'
2452,346,87,247,11,'yellow'
2453,346,93,42,11,'yellow'
2454,346,43,124,18,'yellow'
2455,347,5,231,12,'yellow'
2456,347,67,192,19,'yellow'
2457,347,75,85,12,'yellow'
2458,347,80,202,19,'yellow'
2459,348,45,17,2,'yellow'
2460,348,51,363,13,'yellow'
2461,348,53,431,2,'yellow'
2462,348,69,260,2,'red'
2463,348,70,323,2,'yellow'
2464,348,79,210,13,'yellow'
2465,348,95,156,2,'yellow'
2466,348,95,0,13,'yellow'
2467,349,18,272,14,'yellow'
2468,349,30,95,14,'yellow'
2469,349,79,277,6,'yellow'
2470,350,6,262,15,'yellow'
2471,350,12,9,12,'yellow'
2472,350,51,7,12,'yellow'
2473,350,71,231,12,'yellow'
2474,351,43,0,13,'yellow'
2475,352,32,107,6,'yellow'
2476,352,50,189,6,'yellow'
2477,352,71,277,6,'yellow'
2478,353,11,379,18,'yellow'
2479,353,51,21,18,'yellow'
2480,353,71,217,16,'yellow'
2481,353,75,348,16,'yellow'
2482,354,45,79,3,'yellow'
2483,354,46,2,0,'red'
2484,354,53,432,3,'yellow'
2485,354,68,58,0,'yellow'
2486,355,72,224,11,'yellow'
2487,355,94,433,5,'yellow'
2488,355,96,28,5,'yellow'
2489,356,15,4,1,'yellow'
2490,356,50,144,1,'red'
2491,357,60,202,19,'yellow'
2492,357,86,36,10,'yellow'
2493,358,36,129,8,'yellow'
2494,358,78,186,4,'red'
2495,358,84,129,8,'yellow2'
2496,358,85,276,8,'yellow'
2497,358,87,403,8,'red'
2498,358,87,131,8,'yellow'
2499,359,50,103,9,'yellow'
2500,359,67,104,9,'yellow'
2501,359,82,179,9,'yellow'
2502,360,2,58,0,'yellow'
2503,360,2,165,8,'yellow'
2504,360,38,256,0,'yellow'
2505,360,49,301,8,'yellow'
2506,360,59,318,8,'yellow'
2507,360,86,303,0,'yellow'
2508,361,26,220,1,'yellow'
2509,361,71,386,1,'yellow'
2510,362,37,112,17,'yellow'
2511,362,47,111,17,'yellow'
2512,362,48,115,17,'yellow'
2513,362,56,270,17,'yellow'
2514,362,63,86,16,'yellow'
2515,363,24,175,10,'yellow'
2516,363,32,42,11,'yellow'
2517,363,60,329,11,'yellow'
2518,363,70,151,10,'yellow'
2519,363,84,36,10,'yellow'
2520,363,86,448,10,'yellow'
2521,363,93,410,11,'yellow'
2522,363,93,147,10,'yellow'
2523,364,26,262,15,'yellow'
2524,364,37,119,4,'yellow'
2525,364,59,299,15,'yellow'
2526,364,69,120,4,'yellow'
2527,364,73,271,4,'yellow'
2528,364,78,420,15,'yellow'
2529,365,31,203,18,'yellow'
2530,365,39,125,18,'yellow'
2531,365,47,28,5,'yellow'
2532,365,49,382,18,'yellow'
2533,365,58,291,5,'yellow'
2534,365,62,343,18,'yellow'
2535,365,86,379,18,'yellow'
2536,365,93,343,18,'red'
2537,366,40,396,6,'yellow'
2538,366,67,54,19,'yellow'
2539,366,69,188,6,'yellow'
2540,367,11,195,12,'yellow'
2541,367,14,428,12,'yellow'
2542,367,18,14,2,'yellow'
2543,367,30,231,12,'yellow'
2544,367,32,156,2,'yellow'
2545,367,38,323,2,'yellow'
2546,368,24,297,9,'yellow'
2547,368,46,365,9,'yellow'
2548,368,47,230,13,'yellow'
2549,368,69,267,13,'yellow'
2550,368,76,179,9,'yellow'
2551,368,93,230,13,'yellow2'
2552,369,29,315,7,'yellow'
2553,369,50,181,14,'yellow'
2554,369,62,292,7,'red'
2555,369,63,182,14,'yellow'
2556,369,75,426,14,'yellow'
2557,369,81,240,7,'red'
2558,369,89,161,14,'yellow'
2559,370,43,256,0,'yellow'
2560,370,71,100,15,'yellow'
2561,370,87,141,0,'yellow'
2562,371,41,417,14,'yellow'
2563,371,51,314,14,'yellow'
2564,371,90,236,14,'yellow'
2565,372,16,111,17,'yellow'
2566,372,41,110,17,'yellow'
2567,372,66,52,17,'yellow'
2568,372,47,130,8,'yellow'
2569,373,49,323,2,'yellow'
2570,373,51,157,2,'yellow'
2571,373,59,30,5,'yellow'
2572,373,72,117,2,'yellow'
2573,374,60,146,1,'yellow'
2574,374,79,8,1,'yellow'
2575,374,82,146,1,'red'
2576,374,82,203,18,'red'
2577,375,55,180,3,'yellow'
2578,375,83,206,12,'yellow'
2579,375,84,160,12,'yellow'
2580,375,87,223,3,'yellow'
2581,376,8,267,13,'yellow'
2582,376,43,410,11,'yellow'
2583,376,64,174,11,'yellow'
2584,376,78,93,13,'yellow'
2585,376,90,78,11,'yellow'
2586,377,35,271,4,'yellow'
2587,377,40,253,4,'yellow'
2588,377,55,16,19,'yellow'
2589,377,62,122,4,'yellow'
2590,377,88,137,19,'yellow'
2591,378,56,103,9,'yellow'
2592,378,62,244,10,'yellow'
2593,378,72,436,10,'yellow'
2594,378,86,103,9,'yellow2'
2595,378,80,365,9,'yellow'
2596,379,65,188,6,'yellow'
2597,379,68,239,7,'yellow'
2598,379,69,107,6,'yellow'
2599,379,76,81,6,'yellow'
